NÂº MecangrÃ¡fic;Palavra-passe
200000;pass
200001;pass
200002;pass
200003;pass
200004;pass
200005;pass
200006;pass
200007;pass
200008;pass
200009;pass
200010;pass
200011;pass
200012;pass
200013;pass
200014;pass
200015;pass
200016;pass
200017;pass
200018;pass
200019;pass
200020;pass
200021;pass
200022;pass
200023;pass
200024;pass
200025;pass
200026;pass
200027;pass
200028;pass
200029;pass
200030;pass
200031;pass
200032;pass
200033;pass
200034;pass
200035;pass
200036;pass
200037;pass
200038;pass
200039;pass
200040;pass
200041;pass
200042;pass
200043;pass
200044;pass
200045;pass
200046;pass
200047;pass
200048;pass
200049;pass
200050;pass
200051;pass
200052;pass
200053;pass
200054;pass
200055;pass
200056;pass
200057;pass
200058;pass
200059;pass
200060;pass
200061;pass
200062;pass
200063;pass
200064;pass
200065;pass
200066;pass
200067;pass
200068;pass
200069;pass
200070;pass
200071;pass
200072;pass
200073;pass
200074;pass
200075;pass
200076;pass
200077;pass
200078;pass
200079;pass
200080;pass
200081;pass
200082;pass
200083;pass
200084;pass
200085;pass
200086;pass
200087;pass
200088;pass
200089;pass
200090;pass
200091;pass
200092;pass
200093;pass
200094;pass
200095;pass
200096;pass
200097;pass
200098;pass
200099;pass
200100;pass
200101;pass
200102;pass
200103;pass
200104;pass
200105;pass
200106;pass
200107;pass
200108;pass
200109;pass
200110;pass
200111;pass
200112;pass
200113;pass
200114;pass
200115;pass
200116;pass
200117;pass